id,project_id,target_id,status,opened_at,clicked_at,submitted_at,tracking_token,send_status,sent_at,send_error,tenant_id
f15ea804-346c-4deb-a369-84894346d9e1,c732bf95-0634-4b3a-9d47-cad63314fbb3,9de420a6-da56-4cbc-b166-c49cd481d9c5,sent,,,,9fdad05c-7cdc-4f89-a30c-c0b1fe48ecdd,pending,,,tenant-local-001
c180cce7-ef3f-434e-8d2e-217a03802b42,503aa26a-f7ee-4aea-8efe-36d074512c2f,b7b03441-96a4-42a8-90b5-e39a69b6412c,sent,,,,fe165814-1d06-4c2b-acdb-47613ab9c43a,sent,2026-03-18 01:38:37.489,,tenant-local-001
a3e7ada2-94d1-4dba-8086-bc073a89e0be,e9b7baf8-d250-4b16-b9a9-9833e8396250,b7b03441-96a4-42a8-90b5-e39a69b6412c,sent,,,,07aeb6db-b115-44d1-8d70-a3b3be23d810,sent,2026-03-18 11:54:23.783,,tenant-local-001
52670feb-0419-478f-b534-2a3e8ebb823d,e9b7baf8-d250-4b16-b9a9-9833e8396250,514b2891-dc4e-4497-bd5b-394538f15aec,sent,,,,add308df-eb7e-4f0f-baca-97aa7f0068f1,sent,2026-03-18 11:54:25.451,,tenant-local-001
612b03f2-3992-4579-b020-589baf585b00,c732bf95-0634-4b3a-9d47-cad63314fbb3,e589bb5b-6906-4e47-af38-bf9fedb329ff,sent,,,,cd06f593-e8fe-466b-9b8c-057374eff809,pending,,,tenant-local-001
34fccb49-a2ba-486e-8a2f-a2544baee7d2,503aa26a-f7ee-4aea-8efe-36d074512c2f,34e6a2c4-7d93-4ae4-86ee-fc4d212eb8c9,submitted,2026-03-18 01:38:49.809,2026-03-18 01:38:49.809,2026-03-18 01:38:59.075,10643d70-c4bb-4982-93ad-85810ca687cc,sent,2026-03-18 01:38:41.131,,tenant-local-001
d05acb71-bc19-4a2d-ae65-487cecdd3a64,e9b7baf8-d250-4b16-b9a9-9833e8396250,34e6a2c4-7d93-4ae4-86ee-fc4d212eb8c9,clicked,2026-03-18 11:54:52.66,2026-03-18 11:54:52.66,,550b05cf-ffe7-4a4d-a314-b848dddab33e,sent,2026-03-18 11:54:29.25,,tenant-local-001
c6c7a551-9850-47af-8e92-78543dba4094,7304ec66-caa5-482d-b534-f82503fc23c4,34e6a2c4-7d93-4ae4-86ee-fc4d212eb8c9,sent,,,,95f91699-82ce-48a4-bf28-631977fdf48e,sent,2026-03-19 05:40:20.777,,tenant-local-001
e8591c6f-ca4c-43bd-b077-ffdb66e1299e,7304ec66-caa5-482d-b534-f82503fc23c4,b7b03441-96a4-42a8-90b5-e39a69b6412c,sent,,,,c0f113e3-0171-4650-ac87-04bf05103512,sent,2026-03-19 05:40:24.458,,tenant-local-001
0e884355-4a3e-4e0f-9cf3-ab2050459a1e,52063e56-02d0-4a23-aebc-921a7f06302a,b7b03441-96a4-42a8-90b5-e39a69b6412c,sent,,,,02427cef-5600-4f27-9786-f80426103140,sent,2026-03-18 08:08:23.619,,tenant-local-001
f2e2a986-a3eb-44e8-8545-a36d20986758,52063e56-02d0-4a23-aebc-921a7f06302a,514b2891-dc4e-4497-bd5b-394538f15aec,sent,,,,58544be5-5e05-4e10-9264-1aac16cece12,sent,2026-03-18 08:08:27.161,,tenant-local-001
f7e9cf2b-e463-4103-9d15-4fb5f3fbd811,cff5e75b-9fd9-494c-b5b3-64bf7e8c47a7,9de420a6-da56-4cbc-b166-c49cd481d9c5,sent,,,,47f859af-a765-4883-b783-d70710a2a79a,pending,,,tenant-local-001
799aa3eb-5793-4586-a202-edb34d423ce7,cff5e75b-9fd9-494c-b5b3-64bf7e8c47a7,3d1a835b-8085-4c0e-9476-6430cfbe1850,sent,,,,b12a6cff-4c92-417a-915d-52eab46b55b4,pending,,,tenant-local-001
c765480d-6b1f-4488-a8ca-1b5d7bed3f80,cff5e75b-9fd9-494c-b5b3-64bf7e8c47a7,cc635c73-4dee-4ce2-ac57-9cd1aec8c539,sent,,,,d08b370c-eaef-4819-8d79-01d4f3c26073,pending,,,tenant-local-001
477a4fe9-8a4c-4409-9d9a-3d1b256aaff0,cff5e75b-9fd9-494c-b5b3-64bf7e8c47a7,02e1d0a8-1c5c-4a13-a2a6-593fcaf8c56f,sent,,,,aa395ad3-b2c4-454b-9932-11cfd01551b6,pending,,,tenant-local-001
8cdec5ad-ca82-44e8-ba7c-5d8f4a351922,cff5e75b-9fd9-494c-b5b3-64bf7e8c47a7,514b2891-dc4e-4497-bd5b-394538f15aec,test,,,,a965a7c7-a087-49a0-81dd-e2af1c84e539,sent,2026-02-10 01:44:46.643,,tenant-local-001
0ab90522-027e-4224-8cb8-10e75d5b06b9,7808067e-2e70-49e3-b338-d8850f91f71c,34e6a2c4-7d93-4ae4-86ee-fc4d212eb8c9,sent,,,,82829b4b-2063-411c-bc50-22db689a91d4,sent,2026-02-10 02:03:24.361,,tenant-local-001
5b2142a9-a599-4580-99fd-dc4c4041398b,7808067e-2e70-49e3-b338-d8850f91f71c,514b2891-dc4e-4497-bd5b-394538f15aec,sent,,,,8c29200f-2a0e-4f12-a6e4-c43aed128b7c,sent,2026-02-10 02:03:28.19,,tenant-local-001
66880921-4516-42b5-a96f-067aebf6d208,7808067e-2e70-49e3-b338-d8850f91f71c,02e1d0a8-1c5c-4a13-a2a6-593fcaf8c56f,sent,,,,93b6e051-f8cb-4052-86d3-9adc9952edc3,sent,2026-02-10 02:03:32.02,,tenant-local-001
132dbd7b-9f40-400f-83ea-85eea61e1a8d,323bfe44-ceeb-4ce5-83dc-7064d4dde5d3,34e6a2c4-7d93-4ae4-86ee-fc4d212eb8c9,sent,,,,9d275826-7b10-41fb-8ce2-42092b2646d0,sent,2026-02-11 05:05:10.857,,tenant-local-001
c6df6cf5-b542-45b8-ba3c-c6d4a6121b1b,52063e56-02d0-4a23-aebc-921a7f06302a,34e6a2c4-7d93-4ae4-86ee-fc4d212eb8c9,sent,,,,7d88d5ea-200a-4182-8f7f-ba49508641c9,sent,2026-03-18 08:08:30.775,,tenant-local-001
ce2503bb-2b1e-4ac5-b2c2-67d767f236c3,1401b2b1-6a81-4cd3-89f3-1e6b6a4651d3,b7b03441-96a4-42a8-90b5-e39a69b6412c,sent,,,,255f7b66-690e-4e4e-a27c-48dd8ce0cc75,pending,,,tenant-local-001
86bb31bc-a6a4-4890-baa5-9f925d1c8ec5,323bfe44-ceeb-4ce5-83dc-7064d4dde5d3,514b2891-dc4e-4497-bd5b-394538f15aec,submitted,2026-02-11 05:05:38.163,2026-02-11 05:05:38.163,2026-02-11 05:05:41.833,94fc79b6-ee79-45c8-a0f8-3b53201b926c,sent,2026-02-11 05:05:14.6,,tenant-local-001
96405812-1ca4-4de9-822c-0e33330f411e,1401b2b1-6a81-4cd3-89f3-1e6b6a4651d3,514b2891-dc4e-4497-bd5b-394538f15aec,sent,,,,08f788a4-aa63-45da-9477-60d8e30bf339,pending,,,tenant-local-001
234c45a0-1626-478b-b9ae-c0136f0f3a34,b46f38f0-b27e-4edc-a043-9f1cfeadb3cc,b7b03441-96a4-42a8-90b5-e39a69b6412c,sent,,,,69f2fcd0-3e82-4104-9e3c-dda83c9ee2d5,sent,2026-02-11 10:36:29.452,,tenant-local-001
2165a883-5220-45fc-891e-a8d7cfa432b6,b46f38f0-b27e-4edc-a043-9f1cfeadb3cc,514b2891-dc4e-4497-bd5b-394538f15aec,sent,,,,a3997eae-17ed-470e-bce2-9ff1e2793b62,sent,2026-02-11 10:36:32.791,,tenant-local-001
90afa00e-dca1-4f9a-9a03-82588f72a9eb,9848980e-9647-4bd3-a44f-bcf1f8ca6e74,b7b03441-96a4-42a8-90b5-e39a69b6412c,sent,,,,7c0f5dc9-3ff0-42f4-9a26-5f91642312c6,sent,2026-02-12 06:07:55.576,,tenant-local-001
263cd179-e280-4967-bd45-d38a0738db34,ac4626d5-9fd8-421a-ac10-5248e1a3df4f,34e6a2c4-7d93-4ae4-86ee-fc4d212eb8c9,submitted,2026-02-12 06:07:58.751,2026-02-12 06:07:58.751,2026-02-12 06:08:00.164,e9907d2e-1a94-4216-b83c-cc03f03ba530,sent,2026-02-12 05:59:15.406,,tenant-local-001
40c29f25-dfec-4222-8edc-89da065f7a30,d1007820-76b6-4459-9d8c-4f49a4f80950,34e6a2c4-7d93-4ae4-86ee-fc4d212eb8c9,sent,,,,17a1c457-16f0-4bd5-bab6-904d0a025644,pending,,,tenant-local-001
55252d1d-f530-424a-9b86-70c96fcae826,9c5fad41-4681-4907-adb8-33dd379e6846,514b2891-dc4e-4497-bd5b-394538f15aec,sent,,,,b6e0e5b5-f61b-4d63-8231-b1f9d011481f,pending,,,tenant-local-001
f8261a5d-d547-44e0-8b5c-401cbcdbba86,00bc3667-3f38-4cbf-8514-813489b7bae5,34e6a2c4-7d93-4ae4-86ee-fc4d212eb8c9,sent,,,,567bc8c9-be18-487d-ae76-b5e3a343f807,pending,,,tenant-local-001
19c95c7a-fd41-4eb5-8ae5-e7afe351b610,aeea958b-0258-49ba-87db-8b4c531437d0,514b2891-dc4e-4497-bd5b-394538f15aec,sent,,,,69427e4d-4396-4ab4-a0a5-5c1d025b510b,pending,,,tenant-local-001
3244962d-51fd-45dd-88a5-2f566c0b69a5,9d0d025b-ef1b-4c7d-b980-8266d1c7fc54,34e6a2c4-7d93-4ae4-86ee-fc4d212eb8c9,submitted,2026-02-19 03:33:26.532,2026-02-19 03:33:26.532,2026-02-19 05:05:38.963,6d40289b-bfae-458d-baff-aad968d0870a,sent,2026-02-19 03:33:09.878,,tenant-local-001
bf57bba9-88dc-4fa8-a65d-5451606773c6,0f00eb65-87d2-4433-a1de-dd4483ab3153,b7b03441-96a4-42a8-90b5-e39a69b6412c,sent,,,,2d1e6d46-0631-4ff7-aec2-4cc5656e810d,pending,,,tenant-local-001
a12f8daa-51c8-4c2a-a1f6-b4aabea4230f,c732bf95-0634-4b3a-9d47-cad63314fbb3,cc635c73-4dee-4ce2-ac57-9cd1aec8c539,sent,,,,03323923-39bf-4f06-b4a7-148588728f35,pending,,,tenant-local-001
460951e3-b158-48f9-9149-04a4b56cb7e9,c732bf95-0634-4b3a-9d47-cad63314fbb3,3d1a835b-8085-4c0e-9476-6430cfbe1850,sent,,,,bb19f096-84d0-4339-926b-c52857894162,pending,,,tenant-local-001
e3f09f57-3a4c-49ea-8159-c8ef2d2da22c,c732bf95-0634-4b3a-9d47-cad63314fbb3,02e1d0a8-1c5c-4a13-a2a6-593fcaf8c56f,sent,,,,77e74c15-66ed-459e-91c2-c49368c9d3a4,pending,,,tenant-local-001
5c513e62-f96d-4d80-9efb-a62adf4d436a,4859d8cc-bdb4-4a7d-bd60-9d864a47234f,34e6a2c4-7d93-4ae4-86ee-fc4d212eb8c9,sent,,,,933a583f-ce21-439b-905c-babba0eb2675,pending,,,tenant-local-001
aa428170-5957-4b36-8e0a-e7549f362fe4,5044fc74-365a-4489-b93f-7db9271f2e26,34e6a2c4-7d93-4ae4-86ee-fc4d212eb8c9,sent,,,,06a86d0e-f20c-436f-81dc-42bc9d689329,pending,,,tenant-local-001
1e549008-88bb-4176-be8d-4850927eda0f,b01cab91-3205-4f9b-bc39-b9e1c55e1ea3,b7b03441-96a4-42a8-90b5-e39a69b6412c,sent,,,,1e60a29f-f01e-4f2b-a6b6-0b1ab6af888a,sent,2026-03-05 10:43:06.256,,tenant-local-001
6d649048-8ecd-4b99-bb48-f939e1f9db6d,767b7255-5cdf-45f6-8237-eeeb7c5c139f,e8735ba2-b0c2-4a73-b660-dde18e235850,sent,,,,55e397c6-bda0-4b88-8e9c-fd7bad241ce2,pending,,,tenant-local-001
97c42860-ac4f-41ae-978b-68e992816afc,767b7255-5cdf-45f6-8237-eeeb7c5c139f,34e6a2c4-7d93-4ae4-86ee-fc4d212eb8c9,sent,,,,9ab564c4-e157-4ad4-99ae-3a7ffe9e6a6d,pending,,,tenant-local-001
394b349c-9f0a-489c-bd4f-ec9f22e7630b,767b7255-5cdf-45f6-8237-eeeb7c5c139f,514b2891-dc4e-4497-bd5b-394538f15aec,test,,,,b55e60f9-7ed9-4fce-99f7-c1abc838e258,sent,2026-03-06 08:22:37.905,,tenant-local-001
78bef483-b64b-4485-9e6d-fd60e29978b5,96f2026f-6b5a-4aa7-95e6-58af4b800bee,b7b03441-96a4-42a8-90b5-e39a69b6412c,sent,,,,7d4613b1-dc83-4c13-b382-c56478dc1368,sent,2026-03-16 07:13:47.799,,tenant-local-001
31b48c59-3031-4c64-9338-4d3aa76776dd,1401b2b1-6a81-4cd3-89f3-1e6b6a4651d3,34e6a2c4-7d93-4ae4-86ee-fc4d212eb8c9,sent,,,,25014a88-7753-46e6-887f-045d26e69ea5,pending,,,tenant-local-001
b423c96c-401d-4a8f-87a2-5eb9f383cdeb,323bfe44-ceeb-4ce5-83dc-7064d4dde5d3,b7b03441-96a4-42a8-90b5-e39a69b6412c,sent,,,,590808fc-605d-4224-a2dc-e621b3519428,sent,2026-02-11 05:05:18.042,,tenant-local-001
58bb6640-30bb-4f02-b589-4644509b1175,b46f38f0-b27e-4edc-a043-9f1cfeadb3cc,34e6a2c4-7d93-4ae4-86ee-fc4d212eb8c9,clicked,2026-02-11 10:36:44.458,2026-02-11 10:36:44.458,,e3d5952b-602b-41e6-8cf8-87c1cb5a02b1,sent,2026-02-11 10:36:36.312,,tenant-local-001
e44d8227-0919-419e-8141-743fde2f8e84,6eb19de7-f963-4e7a-8765-7ea2caab1df8,b7b03441-96a4-42a8-90b5-e39a69b6412c,sent,,,,5f08e2bf-b16c-4033-a6c3-2fc26c88052a,pending,,,tenant-local-001
a85bcf33-493e-4459-ae51-bf534a527389,4859d8cc-bdb4-4a7d-bd60-9d864a47234f,9de420a6-da56-4cbc-b166-c49cd481d9c5,sent,,,,c24e53cd-208d-4708-84d8-ddc6cef1807f,pending,,,tenant-local-001
6c5567d9-de6f-4f8a-879c-d42c1e34a8f5,4859d8cc-bdb4-4a7d-bd60-9d864a47234f,cc635c73-4dee-4ce2-ac57-9cd1aec8c539,sent,,,,d3f3824b-f8e6-4d61-aee3-06a1407e27b4,pending,,,tenant-local-001
d19bbe4f-929a-4c73-83db-6e4a78e7ea0d,4859d8cc-bdb4-4a7d-bd60-9d864a47234f,02e1d0a8-1c5c-4a13-a2a6-593fcaf8c56f,sent,,,,b4400008-fa3c-44cf-bc25-8f2243353045,pending,,,tenant-local-001
63cd35a9-b84d-4f25-960f-1bf9eb2dddd7,4859d8cc-bdb4-4a7d-bd60-9d864a47234f,e589bb5b-6906-4e47-af38-bf9fedb329ff,sent,,,,61e53762-6030-4dfb-9e8e-36850a8dc883,pending,,,tenant-local-001
85489f3e-01a4-4b6a-80a8-43ad2fd01dc3,4859d8cc-bdb4-4a7d-bd60-9d864a47234f,3d1a835b-8085-4c0e-9476-6430cfbe1850,sent,,,,9078999b-d5cf-413f-988f-3711d05cfc9f,pending,,,tenant-local-001
9b6e41ac-cace-4fdf-99a4-81eebb0872b8,c257db9f-2ba6-4bff-b022-867e2c1c4c6a,34e6a2c4-7d93-4ae4-86ee-fc4d212eb8c9,sent,,,,2736000d-b950-404f-b603-de5d2d23ddc4,pending,,,tenant-local-001
47fa3889-3a3f-4651-8981-eac86867b1f9,c257db9f-2ba6-4bff-b022-867e2c1c4c6a,02e1d0a8-1c5c-4a13-a2a6-593fcaf8c56f,sent,,,,b26bb46e-3fa6-47d4-a719-c3ee50f550ed,pending,,,tenant-local-001
d3f70909-315e-40e5-835c-f7d839aa0941,c257db9f-2ba6-4bff-b022-867e2c1c4c6a,9de420a6-da56-4cbc-b166-c49cd481d9c5,sent,,,,fc10e09b-1967-454e-9bef-f61979acfe5a,pending,,,tenant-local-001
3c0f1e50-801d-4401-9949-82e404955113,c257db9f-2ba6-4bff-b022-867e2c1c4c6a,3d1a835b-8085-4c0e-9476-6430cfbe1850,sent,,,,dc85c640-3bd8-42c2-88b7-fa88101aa3ec,pending,,,tenant-local-001
54aff6c0-6ae9-4c57-b4b0-9ced69a77eea,c257db9f-2ba6-4bff-b022-867e2c1c4c6a,e589bb5b-6906-4e47-af38-bf9fedb329ff,sent,,,,62e9ecec-7e37-4f97-92b6-d5678d0b56cb,pending,,,tenant-local-001
af9b1846-a308-477a-a995-e24cc7143b16,c257db9f-2ba6-4bff-b022-867e2c1c4c6a,cc635c73-4dee-4ce2-ac57-9cd1aec8c539,sent,,,,80fbccb0-df21-4b73-a01a-2ca707f12623,pending,,,tenant-local-001
e24be3ec-3b74-422f-9705-1e5bfe8b0f70,c257db9f-2ba6-4bff-b022-867e2c1c4c6a,514b2891-dc4e-4497-bd5b-394538f15aec,test,,,,978bee8c-c53e-412f-9c5b-35abaea114d0,pending,,,tenant-local-001
babc396f-1386-4c6f-903a-908a79507966,af442efc-2e60-4988-8d4d-9ed2dc60a280,34e6a2c4-7d93-4ae4-86ee-fc4d212eb8c9,sent,,,,2a07a5b6-f80c-444d-9565-f14fb69340e6,pending,,,tenant-local-001
eaf02315-06ac-43de-a98c-90579dc669d7,af442efc-2e60-4988-8d4d-9ed2dc60a280,9de420a6-da56-4cbc-b166-c49cd481d9c5,sent,,,,a8a53eb0-8fb5-4c5e-9bfb-b4fe5f32e302,pending,,,tenant-local-001
904761bc-5140-4f0a-b336-e73bd572a453,af442efc-2e60-4988-8d4d-9ed2dc60a280,e589bb5b-6906-4e47-af38-bf9fedb329ff,sent,,,,2c6a295e-09da-426c-98ba-58cec2b72497,pending,,,tenant-local-001
570df156-3f07-4729-82af-c2e8519ef1eb,af442efc-2e60-4988-8d4d-9ed2dc60a280,3d1a835b-8085-4c0e-9476-6430cfbe1850,sent,,,,290e2437-da5e-4b17-a086-49b8ed8bf8a2,pending,,,tenant-local-001
c4a1d8f7-8ea2-450a-a635-418fa674598c,af442efc-2e60-4988-8d4d-9ed2dc60a280,cc635c73-4dee-4ce2-ac57-9cd1aec8c539,sent,,,,5a9586e9-dcd0-46a9-9698-49b0904b2591,pending,,,tenant-local-001
3c16597a-a868-4f08-9f0a-52a4bdd13112,ac4626d5-9fd8-421a-ac10-5248e1a3df4f,b7b03441-96a4-42a8-90b5-e39a69b6412c,sent,,,,c057a9a0-6a1b-4b38-a928-d07e56876687,sent,2026-02-12 05:59:18.739,,tenant-local-001
6d9c5bef-a08f-44ce-bfb7-e7901b7a085c,ef451ed3-94bc-49c2-aa64-4c6304897396,34e6a2c4-7d93-4ae4-86ee-fc4d212eb8c9,sent,,,,9cef51ed-1af3-467c-aad4-900453de9364,pending,,,tenant-local-001
cc782a15-ddea-40a4-ac81-2054d155d612,feec75ff-af51-4a3f-830f-042a26607c85,34e6a2c4-7d93-4ae4-86ee-fc4d212eb8c9,sent,,,,5414db8f-c823-44c0-be73-2126a827ac95,pending,,,tenant-local-001
db68e646-4b2e-424a-a91c-e3ea80a01aca,feec75ff-af51-4a3f-830f-042a26607c85,514b2891-dc4e-4497-bd5b-394538f15aec,test,,,,42504ad0-0ede-4a1e-856c-0e41c95a534b,sent,2026-02-13 05:43:26.463,,tenant-local-001
3a2b2c01-e174-417b-b525-0367ddafaae5,00bc3667-3f38-4cbf-8514-813489b7bae5,34e6a2c4-7d93-4ae4-86ee-fc4d212eb8c9,test,,,,50a13e23-10e7-42e1-a327-7538ab8eca0b,sent,2026-02-13 05:45:31.653,,tenant-local-001
8143d431-1118-44e6-87da-7f2fb01a0a4a,6eb19de7-f963-4e7a-8765-7ea2caab1df8,514b2891-dc4e-4497-bd5b-394538f15aec,sent,,,,45539e94-3167-42b1-96bc-d0e3fe16d269,pending,,,tenant-local-001
5d88bdbc-f442-42fc-b645-9ec4cfd93c9b,f7ba3d55-6c63-458f-a0e0-754e07a200df,34e6a2c4-7d93-4ae4-86ee-fc4d212eb8c9,sent,,,,63c08bf6-d333-42c3-aedf-1ea718b8e8b5,sent,2026-02-12 05:57:56.131,,tenant-local-001
64b19c62-4a43-4a52-a816-c6d72e623d9a,f7ba3d55-6c63-458f-a0e0-754e07a200df,b7b03441-96a4-42a8-90b5-e39a69b6412c,sent,,,,ea81da1f-d5a6-43cb-83b0-dd543887a39e,sent,2026-02-12 05:57:59.987,,tenant-local-001
429c1f36-6d52-4c15-a3cc-e98e42ee615e,9848980e-9647-4bd3-a44f-bcf1f8ca6e74,34e6a2c4-7d93-4ae4-86ee-fc4d212eb8c9,submitted,2026-02-12 06:08:06.952,2026-02-12 06:08:06.952,2026-02-12 06:08:08.458,20591bb2-8d0a-418c-81a3-78b23f7750f5,sent,2026-02-12 06:07:59.015,,tenant-local-001
032477c4-54a9-4988-844f-d870513083ff,9c5fad41-4681-4907-adb8-33dd379e6846,34e6a2c4-7d93-4ae4-86ee-fc4d212eb8c9,sent,,,,8f5fd15c-09ca-47fb-bcf5-de186efdf949,pending,,,tenant-local-001
d7906511-88bb-461f-a486-9a8b72eada45,feec75ff-af51-4a3f-830f-042a26607c85,514b2891-dc4e-4497-bd5b-394538f15aec,sent,,,,52f77b09-7ec6-424f-b22f-fb98330c3e09,pending,,,tenant-local-001
bff3ae10-4bdd-4d8e-a593-4a727dab57e6,aeea958b-0258-49ba-87db-8b4c531437d0,b7b03441-96a4-42a8-90b5-e39a69b6412c,sent,,,,93cd81f9-7e45-4db3-9e55-d0c1a6215382,pending,,,tenant-local-001
ade0e4ef-0f76-4f65-827a-3e1563f0db6e,5c8b2042-92b3-4b5e-8de6-2251556b82c0,b7b03441-96a4-42a8-90b5-e39a69b6412c,sent,,,,ea9bf75f-6851-4216-a517-11a7b2f11288,sent,2026-02-13 06:07:44.008,,tenant-local-001
68e682f8-14f0-48e5-849f-51915bea17a5,5c8b2042-92b3-4b5e-8de6-2251556b82c0,34e6a2c4-7d93-4ae4-86ee-fc4d212eb8c9,clicked,2026-02-13 06:10:32.237,2026-02-13 06:10:32.237,,d433a657-cf4b-4e81-a23d-ff67d6c60554,sent,2026-02-13 06:07:40.567,,tenant-local-001
21d58131-8f4d-4d17-8c1c-6bbb5c2a3675,6316594e-4670-4182-9509-588328ef6eeb,34e6a2c4-7d93-4ae4-86ee-fc4d212eb8c9,submitted,2026-02-19 07:34:10.973,2026-02-19 07:34:10.973,2026-02-19 07:34:22.7,e9aff4bd-24b2-4ac4-a48c-689f1c56bec8,sent,2026-02-19 07:33:47.806,,tenant-local-001
4c8dd9a6-0127-4c28-ba82-501163cf67ee,af442efc-2e60-4988-8d4d-9ed2dc60a280,02e1d0a8-1c5c-4a13-a2a6-593fcaf8c56f,sent,,,,ced4d598-4d41-4b83-971f-8365401300e7,pending,,,tenant-local-001
c3eba19c-631f-45bf-99e1-3ec904ce5293,dbc71773-628d-4a9a-bdf6-a071b34e452f,514b2891-dc4e-4497-bd5b-394538f15aec,sent,,,,5f6683dc-5899-49b3-b7dc-20618eacff06,pending,,,tenant-local-001
a5907a93-1524-4e4d-8e4b-06c62247601d,dbc71773-628d-4a9a-bdf6-a071b34e452f,34e6a2c4-7d93-4ae4-86ee-fc4d212eb8c9,sent,,,,fef7eb58-c644-49cf-b8a5-1b38a5c6662d,pending,,,tenant-local-001
ec37cf69-db2d-49f3-83ff-ce334a853a17,dbc71773-628d-4a9a-bdf6-a071b34e452f,e589bb5b-6906-4e47-af38-bf9fedb329ff,sent,,,,f7ac30d1-32da-45a5-8f35-ae1bf7be237a,pending,,,tenant-local-001
629e14cd-661f-4614-8bd7-d0acf7f7b5e3,dbc71773-628d-4a9a-bdf6-a071b34e452f,02e1d0a8-1c5c-4a13-a2a6-593fcaf8c56f,sent,,,,27e14d79-ec37-4304-a4b6-dbc1820e0565,pending,,,tenant-local-001
66b8f15d-d696-4815-b433-b6430f0db3c6,dbc71773-628d-4a9a-bdf6-a071b34e452f,9de420a6-da56-4cbc-b166-c49cd481d9c5,sent,,,,4401bcea-2fbb-4671-afec-7eea9d6d7135,pending,,,tenant-local-001
b9c79bd9-3f82-4382-bb41-74ee40301bc8,dbc71773-628d-4a9a-bdf6-a071b34e452f,cc635c73-4dee-4ce2-ac57-9cd1aec8c539,sent,,,,e5f4423e-2d55-48ac-b797-a8010f393d30,pending,,,tenant-local-001
6e451236-609f-4ca6-841f-3363fa6cd3b4,0f00eb65-87d2-4433-a1de-dd4483ab3153,514b2891-dc4e-4497-bd5b-394538f15aec,test,,,,9507a599-685e-47bc-9882-c1fda9bdca32,sent,2026-03-04 05:51:51.097,,tenant-local-001
a77c0071-2948-4421-a2d9-1274529f0e10,5044fc74-365a-4489-b93f-7db9271f2e26,b7b03441-96a4-42a8-90b5-e39a69b6412c,sent,,,,1481070b-6ad1-47ee-9c4b-ea2e267e16e2,pending,,,tenant-local-001
e039e5fc-21e4-48f4-86bc-d6620e282efd,5044fc74-365a-4489-b93f-7db9271f2e26,514b2891-dc4e-4497-bd5b-394538f15aec,sent,,,,d622669a-d85d-414f-b41e-e4ee0b2c98ef,pending,,,tenant-local-001
62a7c0d0-8eaa-4a70-a926-d16e0b6034b2,767b7255-5cdf-45f6-8237-eeeb7c5c139f,b7b03441-96a4-42a8-90b5-e39a69b6412c,sent,,,,9ff61964-69d3-4959-8508-a08ddc324db8,pending,,,tenant-local-001
c2dd15b0-65ed-4646-a650-acb41f80b8b9,96f2026f-6b5a-4aa7-95e6-58af4b800bee,34e6a2c4-7d93-4ae4-86ee-fc4d212eb8c9,clicked,2026-03-16 07:14:00.662,2026-03-16 07:14:00.662,,a8a2e3a9-3667-44a2-bb12-5bb19836c096,sent,2026-03-16 07:13:54.575,,tenant-local-001
5e696caf-0521-4893-8529-28dc4182d504,dbc71773-628d-4a9a-bdf6-a071b34e452f,3d1a835b-8085-4c0e-9476-6430cfbe1850,sent,,,,d10df25e-d7c6-4212-93ca-c9de757f0ced,pending,,,tenant-local-001
0842b41b-a35a-4b11-8493-d4fadb40ec32,d98357c2-fae3-4867-b6fb-a688bd26bcf0,514b2891-dc4e-4497-bd5b-394538f15aec,sent,,,,62dd5e37-25e2-4713-b3de-137a750f95fe,pending,,,tenant-local-001
b0df9a94-36d3-42e0-a324-da9c2fbfda20,d98357c2-fae3-4867-b6fb-a688bd26bcf0,34e6a2c4-7d93-4ae4-86ee-fc4d212eb8c9,sent,,,,c39133f6-1788-49a7-96f2-43b154f29f2c,pending,,,tenant-local-001
014be3e2-718d-47e8-8b27-98a0aa127506,d98357c2-fae3-4867-b6fb-a688bd26bcf0,e589bb5b-6906-4e47-af38-bf9fedb329ff,sent,,,,530900f4-4b2a-4f3b-8d4d-c327ec82f106,pending,,,tenant-local-001
cc063df4-75e1-4660-abcb-8708578c95d8,d98357c2-fae3-4867-b6fb-a688bd26bcf0,02e1d0a8-1c5c-4a13-a2a6-593fcaf8c56f,sent,,,,699b6548-6b65-4942-be59-99a27c1fba9e,pending,,,tenant-local-001
ddd4ec2f-bb92-404d-a7d2-20f70047e6f3,d98357c2-fae3-4867-b6fb-a688bd26bcf0,3d1a835b-8085-4c0e-9476-6430cfbe1850,sent,,,,18dddaae-5984-4df0-91ab-909233e386dd,pending,,,tenant-local-001
2169d829-c2d6-457c-8208-b5cc318a9dd8,d98357c2-fae3-4867-b6fb-a688bd26bcf0,cc635c73-4dee-4ce2-ac57-9cd1aec8c539,sent,,,,096ecc62-3d51-4ecc-917a-c27a503dafe0,pending,,,tenant-local-001
ebbbbd87-01de-494d-b5b5-e5981d8947fe,d98357c2-fae3-4867-b6fb-a688bd26bcf0,9de420a6-da56-4cbc-b166-c49cd481d9c5,sent,,,,3c907456-05c6-48a1-bf65-b4b1fe9be2ea,pending,,,tenant-local-001
c6cb15bb-0a7c-4c21-8bd7-e790290e614d,d98357c2-fae3-4867-b6fb-a688bd26bcf0,514b2891-dc4e-4497-bd5b-394538f15aec,test,,,,4d692dca-6035-4fc5-b7b2-311b5f27ecbc,sent,2026-02-09 14:09:38.508,,tenant-local-001
aeb1adb9-c207-4c53-9fb8-19d4d2159ff6,d98357c2-fae3-4867-b6fb-a688bd26bcf0,514b2891-dc4e-4497-bd5b-394538f15aec,test,,,,21c5b134-bc87-46d4-beba-6cdf6687c655,sent,2026-02-09 14:09:49.68,,tenant-local-001
7ad322d8-eb13-49fd-99bd-d63149647abb,cff5e75b-9fd9-494c-b5b3-64bf7e8c47a7,514b2891-dc4e-4497-bd5b-394538f15aec,sent,,,,bc4a5fff-93b7-4875-b249-8f3d2d3f3b32,pending,,,tenant-local-001
a7db0466-9644-4d39-a63d-e61b69c25e19,cff5e75b-9fd9-494c-b5b3-64bf7e8c47a7,34e6a2c4-7d93-4ae4-86ee-fc4d212eb8c9,sent,,,,c76ff62b-c0ba-4da4-88eb-92e94896a74c,pending,,,tenant-local-001
4f054df8-f7dd-4d37-bd2e-19589378c774,cff5e75b-9fd9-494c-b5b3-64bf7e8c47a7,e589bb5b-6906-4e47-af38-bf9fedb329ff,sent,,,,741d9f08-501b-4554-b279-5e31a4a49228,pending,,,tenant-local-001
0e5fd8be-4e41-455d-be7c-a6f9225c35db,7808067e-2e70-49e3-b338-d8850f91f71c,3d1a835b-8085-4c0e-9476-6430cfbe1850,sent,,,,2d44fa43-e70f-4dac-9e70-48db588461a4,sent,2026-02-10 02:03:35.58,,tenant-local-001
3f4442a9-eea8-4a9a-9f7e-a442ce027011,7808067e-2e70-49e3-b338-d8850f91f71c,9de420a6-da56-4cbc-b166-c49cd481d9c5,sent,,,,7eab0a39-657f-42ff-b5c8-44c0d72bf789,sent,2026-02-10 02:03:39.297,,tenant-local-001
13a0d317-5de6-471e-958f-d9fb5279a189,7808067e-2e70-49e3-b338-d8850f91f71c,cc635c73-4dee-4ce2-ac57-9cd1aec8c539,sent,,,,368bd107-dc3e-4986-90d5-702393416898,sent,2026-02-10 02:03:42.838,,tenant-local-001
340b1fa9-9cc9-4e9d-af5b-a85eda7529a5,7808067e-2e70-49e3-b338-d8850f91f71c,e589bb5b-6906-4e47-af38-bf9fedb329ff,sent,,,,10480d68-d377-4107-b9df-1e92e9237d65,sent,2026-02-10 02:03:46.527,,tenant-local-001
68395f79-c9e2-4144-88eb-e13d3349aacb,dca2ac1f-8df8-4e7e-bba1-f47afa933364,b7b03441-96a4-42a8-90b5-e39a69b6412c,sent,,,,3328fea2-bcbd-4a4f-a13e-5bbcb6835bd7,sent,2026-02-10 02:06:05.939,,tenant-local-001
a34bfbea-200f-4c09-9c4a-f32330686418,dca2ac1f-8df8-4e7e-bba1-f47afa933364,514b2891-dc4e-4497-bd5b-394538f15aec,sent,,,,a1bedc07-e514-4f7d-89c8-6af3550ec98f,sent,2026-02-10 02:06:09.48,,tenant-local-001
2fe7e695-66b4-40ae-991c-1b20b4679a14,dca2ac1f-8df8-4e7e-bba1-f47afa933364,34e6a2c4-7d93-4ae4-86ee-fc4d212eb8c9,sent,,,,58644292-e3b2-4367-b3b2-4502ffd3820b,sent,2026-02-10 02:06:13.083,,tenant-local-001
a85e1e35-86fa-4fbc-bd38-c501b67189d7,dca2ac1f-8df8-4e7e-bba1-f47afa933364,e589bb5b-6906-4e47-af38-bf9fedb329ff,sent,,,,44727194-5185-4ca5-a4a3-7f2012886bce,sent,2026-02-10 02:06:16.626,,tenant-local-001
a713323b-3f7a-4f5e-ac2f-963bfc937cfa,dca2ac1f-8df8-4e7e-bba1-f47afa933364,9de420a6-da56-4cbc-b166-c49cd481d9c5,sent,,,,61a6d36c-b8a3-446e-8b80-b89edba95483,sent,2026-02-10 02:06:20.156,,tenant-local-001
cefa8749-0108-4b52-830a-c297688a7ef2,dca2ac1f-8df8-4e7e-bba1-f47afa933364,02e1d0a8-1c5c-4a13-a2a6-593fcaf8c56f,sent,,,,22152948-c3cc-4bf6-9bf1-4a9308022f06,sent,2026-02-10 02:06:23.746,,tenant-local-001
ac7c583a-c656-42f2-92a3-77496039e10c,dca2ac1f-8df8-4e7e-bba1-f47afa933364,3d1a835b-8085-4c0e-9476-6430cfbe1850,sent,,,,b04fba57-9c70-4bb4-8964-da04388012b8,sent,2026-02-10 02:06:26.207,,tenant-local-001
6f946453-bf40-4530-bfd4-066356fe573d,dca2ac1f-8df8-4e7e-bba1-f47afa933364,cc635c73-4dee-4ce2-ac57-9cd1aec8c539,sent,,,,e21928e2-d8a5-4992-97c5-5978b48d12b3,sent,2026-02-10 02:06:29.832,,tenant-local-001
73b9f698-58a3-4bf5-b202-16e61c1c08d3,323bfe44-ceeb-4ce5-83dc-7064d4dde5d3,dedc33b4-89b2-4dc7-af02-624d9b67cb03,sent,,,,d929eaf7-9057-4a3d-9e64-428d63c403ea,sent,2026-02-11 05:04:52.531,,tenant-local-001
ef767c92-60aa-4444-9e59-9ef4498c1071,323bfe44-ceeb-4ce5-83dc-7064d4dde5d3,362740d2-e83f-40b0-89b9-2fdc49e3eace,sent,,,,9c0de466-c084-41e3-a8c2-5d72a83724d3,sent,2026-02-11 05:04:56.093,,tenant-local-001
d4db10c3-6eb9-46a4-89f3-8225a03f9c97,323bfe44-ceeb-4ce5-83dc-7064d4dde5d3,e6ea323d-f526-4829-adf2-027547478f6e,sent,,,,fc9611df-6e4d-4f46-9800-c697b0018053,sent,2026-02-11 05:04:59.777,,tenant-local-001
636fe01e-160b-46f9-b4ec-dc61539a1d06,323bfe44-ceeb-4ce5-83dc-7064d4dde5d3,85fbf0ce-6e97-448c-95ee-1c40a8b3cf0b,sent,,,,c016768e-ac9a-42a9-ad19-4a5c1034d665,sent,2026-02-11 05:05:03.803,,tenant-local-001
3c42fd07-1146-4108-90db-d35bfd5f639f,323bfe44-ceeb-4ce5-83dc-7064d4dde5d3,7af482d6-33da-4ade-9430-b2068508a895,sent,,,,55903a31-ba51-48fe-8e5b-9e1203c4fbbf,sent,2026-02-11 05:05:07.05,,tenant-local-001
102b8c39-7698-4213-9174-f02e9b2699bc,aeea958b-0258-49ba-87db-8b4c531437d0,34e6a2c4-7d93-4ae4-86ee-fc4d212eb8c9,sent,,,,3a295dfb-0f2e-4463-b4fa-c53eaab8ba82,pending,,,tenant-local-001
a7e6d276-8a20-4df8-9f36-ecd7f41a692d,6316594e-4670-4182-9509-588328ef6eeb,514b2891-dc4e-4497-bd5b-394538f15aec,sent,,,,b0b1db9e-e989-406c-ac73-12966a644005,sent,2026-02-19 07:33:41.715,,tenant-local-001
eda7db73-b8c2-4811-8f5c-704ade8bc7c0,6316594e-4670-4182-9509-588328ef6eeb,b7b03441-96a4-42a8-90b5-e39a69b6412c,sent,,,,d2a5d3fa-9b53-4404-aee1-1b476bacd0dd,sent,2026-02-19 07:33:44.719,,tenant-local-001
adb593c9-6d92-40de-a811-3cf546372fcf,0f00eb65-87d2-4433-a1de-dd4483ab3153,34e6a2c4-7d93-4ae4-86ee-fc4d212eb8c9,sent,,,,4f2aa7b5-7688-4f6c-b4ef-37c91972e839,pending,,,tenant-local-001
89c0809d-5308-40ae-b3ad-273c1dc67a59,c20a2ae0-1c7d-489d-b0a9-8dab0d696acb,34e6a2c4-7d93-4ae4-86ee-fc4d212eb8c9,sent,,,,9eb717d9-1fcb-4ace-b167-5c80b041f89b,pending,,,tenant-local-001
2a6fc4e7-1c6d-4e8f-ad1c-283e7e3056ae,b01cab91-3205-4f9b-bc39-b9e1c55e1ea3,34e6a2c4-7d93-4ae4-86ee-fc4d212eb8c9,sent,,,,9bf0aeff-cd94-42a1-bb18-f03bfd2aee6a,sent,2026-03-05 10:43:10.184,,tenant-local-001
2ff4dc08-63e6-45cf-8997-f1191f7d0f03,767b7255-5cdf-45f6-8237-eeeb7c5c139f,514b2891-dc4e-4497-bd5b-394538f15aec,sent,,,,2a445b52-fcc4-4929-862b-a5596e4ec94b,pending,,,tenant-local-001
14618d47-321f-42be-8a8e-7e0a37817680,96f2026f-6b5a-4aa7-95e6-58af4b800bee,514b2891-dc4e-4497-bd5b-394538f15aec,sent,,,,c5f20fbe-0fad-40b5-8960-73680fb94f7b,sent,2026-03-16 07:13:51.166,,tenant-local-001
9de50e99-36a4-4555-8e02-c80bb37e0dfd,6eb19de7-f963-4e7a-8765-7ea2caab1df8,34e6a2c4-7d93-4ae4-86ee-fc4d212eb8c9,sent,,,,d0690ec3-b622-4aec-b0c5-3ad8cb9eaf8b,pending,,,tenant-local-001
288f8b0c-f2b0-4932-beee-87342300c143,b458d6a1-4305-4a9d-b7b5-7964d48f0cca,514b2891-dc4e-4497-bd5b-394538f15aec,sent,,,,3ba055aa-555f-457f-8488-d2b5bda61779,sent,2026-03-20 05:14:33.576,,tenant-local-001
175d69c0-3240-4643-be7e-0a38ace3fba8,b458d6a1-4305-4a9d-b7b5-7964d48f0cca,b7b03441-96a4-42a8-90b5-e39a69b6412c,sent,,,,40f59593-c9cf-46f7-a6f7-4c0060c1b730,sent,2026-03-20 05:14:36.584,,tenant-local-001
b41c792c-25a8-44a3-bff0-939a1e9b1d09,f9d98814-0614-46ff-b145-43fac0428b8d,514b2891-dc4e-4497-bd5b-394538f15aec,sent,,,,e9953eff-3b6e-4b65-84c0-c466cd1dedf0,pending,,,tenant-local-001
12f1b6f8-5f5b-4534-b47c-c95a5acc0e7c,f9d98814-0614-46ff-b145-43fac0428b8d,b7b03441-96a4-42a8-90b5-e39a69b6412c,sent,,,,60b005f9-7398-4892-aa3b-f54938af93c9,pending,,,tenant-local-001
6bece89b-40fc-490c-9dae-b885dc337811,f9d98814-0614-46ff-b145-43fac0428b8d,34e6a2c4-7d93-4ae4-86ee-fc4d212eb8c9,sent,,,,1d1f4c9d-1f4b-4cc2-b5ef-e9a819c93e10,pending,,,tenant-local-001
1db87a08-04c6-4ff3-8de8-f6f50ad34c6e,b458d6a1-4305-4a9d-b7b5-7964d48f0cca,34e6a2c4-7d93-4ae4-86ee-fc4d212eb8c9,submitted,2026-03-20 05:15:26.741,2026-03-20 05:15:26.741,2026-03-20 05:15:29.965,d148edd6-d8fd-4fbf-9497-9179340f2994,sent,2026-03-20 05:14:39.548,,tenant-local-001
45b29660-1e1f-442d-99f6-fa40d6715230,d2d9d3ab-9c16-4d02-b8cd-0e9db1357243,b7b03441-96a4-42a8-90b5-e39a69b6412c,sent,,,,1ccbab7e-5aef-4bec-ad50-b6ec1d84ddab,pending,,,tenant-local-001
17749610-1ec8-49c0-9ffc-5daac7811531,d2d9d3ab-9c16-4d02-b8cd-0e9db1357243,514b2891-dc4e-4497-bd5b-394538f15aec,sent,,,,145fdd3a-b157-4869-8c84-20795617b604,pending,,,tenant-local-001
8b80b3e1-8c07-4e6f-abe3-1af16f6acf72,d2d9d3ab-9c16-4d02-b8cd-0e9db1357243,34e6a2c4-7d93-4ae4-86ee-fc4d212eb8c9,sent,,,,09e48915-7785-4108-a9d2-3743b8100565,pending,,,tenant-local-001
e0f28161-32d6-444a-ba52-2c2f88eef334,de7aa241-7d1f-47be-bb3a-9f6d66d90836,514b2891-dc4e-4497-bd5b-394538f15aec,sent,,,,f132430c-23b5-42b0-be39-27e1361d96fa,pending,,,tenant-local-001
dd780083-7ffa-4e50-92bc-92a0d03f9f2b,de7aa241-7d1f-47be-bb3a-9f6d66d90836,b7b03441-96a4-42a8-90b5-e39a69b6412c,sent,,,,577fd8b1-7ea0-454b-a428-2f182f363010,pending,,,tenant-local-001
ca6ee81d-7c64-4a06-81a0-60b7f813d8ef,de7aa241-7d1f-47be-bb3a-9f6d66d90836,34e6a2c4-7d93-4ae4-86ee-fc4d212eb8c9,sent,,,,92a5c234-4da1-4d65-9e64-53ea904a4f53,pending,,,tenant-local-001
9c50099c-2f9d-4295-9d79-89137837c160,8f3f635f-2f6c-4f38-8f10-5fcaa8bdcf79,b7b03441-96a4-42a8-90b5-e39a69b6412c,sent,,,,17ba4fa6-02e2-40d3-959f-fbd29d7a84fd,sent,2026-03-23 05:47:28.883,,tenant-local-001
01777558-1d8e-422a-95b8-562a0f6ac94b,8f3f635f-2f6c-4f38-8f10-5fcaa8bdcf79,514b2891-dc4e-4497-bd5b-394538f15aec,sent,,,,14042b00-588d-4cf7-9c18-622cbc4c55e4,sent,2026-03-23 05:47:31.756,,tenant-local-001
d72ca4b2-12c0-46f5-9c1e-c32ad75b865d,ca7f00e0-5df0-491b-a81b-35ce76ad2219,34e6a2c4-7d93-4ae4-86ee-fc4d212eb8c9,clicked,2026-03-24 17:03:33.518,2026-03-24 17:03:33.518,,d3e39170-5084-4cbb-8e2c-87280c61fb5d,sent,2026-03-24 17:03:29.371,,tenant-local-001
b77fb7a8-6a65-4e95-aef1-66e8dc82bc99,c9ba25fd-53dd-45f8-8fea-0e324dcf1e22,b7b03441-96a4-42a8-90b5-e39a69b6412c,sent,,,,743834bc-9152-4473-a82b-758f1da75cc7,sent,2026-03-24 08:08:06.41,,tenant-local-001
9211224f-ac1b-4e4b-b7ff-04305be04e96,1fa8d298-d5df-4285-ab6e-e57d65ff7000,b7b03441-96a4-42a8-90b5-e39a69b6412c,sent,,,,80438d9e-0537-4eb9-810c-d6fb1fb10f80,sent,2026-03-24 18:48:30.119,,tenant-local-001
c9ba96fc-2166-452f-8645-160d265ab7a3,0d8d3041-23d4-42fc-946f-4bf0b803326e,01e0c2c4-6e70-4231-a0ae-237500339356,sent,,,,25ed342a-0bed-4e9d-aead-a30f7e4e9c5a,sent,2026-03-25 01:21:43.418,,tenant-local-001
edd73f63-87b3-4b7f-b22c-3bdc307f580a,8f3f635f-2f6c-4f38-8f10-5fcaa8bdcf79,34e6a2c4-7d93-4ae4-86ee-fc4d212eb8c9,submitted,2026-03-23 05:47:54.315,2026-03-23 05:47:54.315,2026-03-23 05:47:58.576,1251e63a-7e65-4985-b767-5f30b90ad0b8,sent,2026-03-23 05:47:34.587,,tenant-local-001
13637aad-cc1e-428d-88cd-8a356daad277,0d8d3041-23d4-42fc-946f-4bf0b803326e,10fb48b8-191a-470c-9d2b-9741eee476e9,sent,,,,8501c834-97a2-4286-9e59-e4e9ab7498bf,sent,2026-03-25 01:21:46.977,,tenant-local-001
2016648d-a772-4549-ad03-20a2696b650d,1fa8d298-d5df-4285-ab6e-e57d65ff7000,34e6a2c4-7d93-4ae4-86ee-fc4d212eb8c9,submitted,2026-03-24 18:48:41.098,2026-03-24 18:48:41.098,2026-03-24 18:48:43.38,7555c54f-d7d4-4380-9ae3-f508965e2025,sent,2026-03-24 18:48:33.727,,tenant-local-001
3851c17f-5645-4338-b532-0ebda0bcb07a,0b97967e-125b-4a48-881e-26c1aee6412f,514b2891-dc4e-4497-bd5b-394538f15aec,sent,,,,9a782b60-98a9-4eaf-8f4c-cb7d9539fdef,sent,2026-03-24 19:00:44.467,,tenant-local-001
69dbbb52-2729-4da0-94c0-fed783bd5730,0b97967e-125b-4a48-881e-26c1aee6412f,b7b03441-96a4-42a8-90b5-e39a69b6412c,sent,,,,1abdca6c-06c9-46cc-95f5-cb41dd26f987,sent,2026-03-24 19:00:49.359,,tenant-local-001
4ef1797a-3c68-43e8-a1a8-3e6bc552da95,c9ba25fd-53dd-45f8-8fea-0e324dcf1e22,34e6a2c4-7d93-4ae4-86ee-fc4d212eb8c9,submitted,2026-03-24 08:08:51.08,2026-03-24 08:08:51.08,2026-03-24 08:08:52.192,fad8f886-e0e8-4958-9bf1-1658931d114e,sent,2026-03-24 08:08:10.504,,tenant-local-001
343b0da0-7b55-4d14-86dc-f667bfd5a5b7,d350c8c0-97f8-4956-9e2d-308a9100ad9e,01e0c2c4-6e70-4231-a0ae-237500339356,sent,,,,40628f9c-4b54-49ab-8450-9a314e502244,sent,2026-03-24 08:18:08.69,,tenant-local-001
d01dc7c8-abe4-4cc3-89e8-8fc0b1dc6720,d350c8c0-97f8-4956-9e2d-308a9100ad9e,10fb48b8-191a-470c-9d2b-9741eee476e9,sent,,,,007f55b4-4efa-4cb4-9691-bdb4e1518906,sent,2026-03-24 08:18:12.31,,tenant-local-001
7607792e-73d8-4577-a17d-0c1bc596713e,d350c8c0-97f8-4956-9e2d-308a9100ad9e,514b2891-dc4e-4497-bd5b-394538f15aec,sent,,,,ab3cbae9-2b94-4738-893f-d00f41483346,sent,2026-03-24 08:18:15.985,,tenant-local-001
faaf3882-0d1d-482b-9103-4e226c8ee77b,d350c8c0-97f8-4956-9e2d-308a9100ad9e,b7b03441-96a4-42a8-90b5-e39a69b6412c,sent,,,,77b776d4-1203-45c1-a5eb-a0010fe2340b,sent,2026-03-24 08:18:19.617,,tenant-local-001
d77cda92-4c43-4da8-b5a9-8517e0ce97f8,f7c26f39-32e0-4974-94bf-b45ebe57473d,b7b03441-96a4-42a8-90b5-e39a69b6412c,sent,,,,6752e2d0-3805-4f04-87de-b180b9dee56d,sent,2026-03-25 05:22:07.8,,tenant-local-001
023ac5dd-11dd-4dbf-8c74-25f47a3b5548,d350c8c0-97f8-4956-9e2d-308a9100ad9e,34e6a2c4-7d93-4ae4-86ee-fc4d212eb8c9,clicked,2026-03-24 08:18:27.694,2026-03-24 08:18:27.694,,88aafc6f-36aa-4972-a9ee-b3f11f410ff0,sent,2026-03-24 08:18:23.165,,tenant-local-001
7f0d1816-dd5e-4724-b688-739eee6e7b80,0d8d3041-23d4-42fc-946f-4bf0b803326e,b7b03441-96a4-42a8-90b5-e39a69b6412c,sent,,,,ac04b08a-0d8d-4f62-9cc3-a4799bd57fe9,sent,2026-03-25 01:21:54.854,,tenant-local-001
57ff3faf-34df-458f-98fa-ac99b2b13d5d,0d8d3041-23d4-42fc-946f-4bf0b803326e,514b2891-dc4e-4497-bd5b-394538f15aec,sent,,,,ceac6268-3b1f-430e-83a8-65854bcd4e5c,sent,2026-03-25 01:21:58.601,,tenant-local-001
89498a26-1349-45ba-9435-48be44162418,0b97967e-125b-4a48-881e-26c1aee6412f,34e6a2c4-7d93-4ae4-86ee-fc4d212eb8c9,submitted,2026-03-24 19:01:00.93,2026-03-24 19:01:00.93,2026-03-24 19:01:03.01,5dfc1f27-5127-4541-8f77-dd44313690c3,sent,2026-03-24 19:00:53.235,,tenant-local-001
3ae0db26-206d-455e-9501-d4f16918593d,132a45e7-9889-4972-8890-9937e489cccb,b7b03441-96a4-42a8-90b5-e39a69b6412c,sent,,,,6709623d-f9d2-42dd-8e79-aa21eb7dcfbc,sent,2026-03-25 00:53:23.885,,tenant-local-001
1d2c14a0-8106-410c-9eae-1997cc8ddc63,132a45e7-9889-4972-8890-9937e489cccb,34e6a2c4-7d93-4ae4-86ee-fc4d212eb8c9,sent,,,,af595124-6351-4830-b4c0-75fca529ed75,sent,2026-03-25 00:53:28.372,,tenant-local-001
1da3794c-4991-419c-83a2-a485ea687872,f175ce94-4ea3-4bed-975d-1bc33eb12e72,34e6a2c4-7d93-4ae4-86ee-fc4d212eb8c9,submitted,2026-03-25 01:32:49.47,2026-03-25 01:32:49.47,2026-03-25 01:32:52.219,2029d94e-d7af-4170-9aa0-9b5683c82b56,sent,2026-03-25 01:32:44.087,,tenant-local-001
fc4fd18e-0c52-4585-a89e-06888f6c7d68,0d8d3041-23d4-42fc-946f-4bf0b803326e,34e6a2c4-7d93-4ae4-86ee-fc4d212eb8c9,submitted,2026-03-25 01:22:05.877,2026-03-25 01:22:05.877,2026-03-25 01:22:13.32,49470723-46a9-433e-8a12-80d53fa7afaf,sent,2026-03-25 01:21:51.097,,tenant-local-001
a69a2e0b-9704-40f0-86c6-c2ed8f8d90e5,a72d0326-98db-4ac9-9e6f-99c9c369ea72,34e6a2c4-7d93-4ae4-86ee-fc4d212eb8c9,sent,,,,94768e3b-be8d-4069-9c0f-4b4d91fa36f3,pending,,,tenant-local-001
9461110a-6fc4-4359-8674-d4f0cc87581c,a72d0326-98db-4ac9-9e6f-99c9c369ea72,34e6a2c4-7d93-4ae4-86ee-fc4d212eb8c9,test,,,,ca64427d-e82c-4c0b-8ca3-327f90280d27,sent,2026-03-25 01:28:26.495,,tenant-local-001
050ed423-c2d7-4929-babd-9a695655aeb8,f175ce94-4ea3-4bed-975d-1bc33eb12e72,b7b03441-96a4-42a8-90b5-e39a69b6412c,sent,,,,e06fdc0b-3d5f-4601-8bb4-7d54a291cd8d,sent,2026-03-25 01:32:40.329,,tenant-local-001
d33e1718-4962-455a-a592-961d5aebe175,f7c26f39-32e0-4974-94bf-b45ebe57473d,514b2891-dc4e-4497-bd5b-394538f15aec,sent,,,,144da0c6-bae5-4735-a9b2-46b0a8f274af,sent,2026-03-25 05:22:11.867,,tenant-local-001
73e3b783-2ee9-4177-98c8-2bd16828fc72,9d840afe-589a-403b-b9db-15cbba4458cf,b7b03441-96a4-42a8-90b5-e39a69b6412c,sent,,,,c57b93c8-d903-4652-9034-e0df5ecea53c,sent,2026-03-25 01:46:36.827,,tenant-local-001
0e29080a-ad48-4734-8866-0b0db682fc10,f7c26f39-32e0-4974-94bf-b45ebe57473d,34e6a2c4-7d93-4ae4-86ee-fc4d212eb8c9,submitted,2026-03-25 05:22:37.836,2026-03-25 05:22:37.836,2026-03-25 05:22:43.683,1e5370b5-4df5-4ec7-9a77-e95331ce1026,sent,2026-03-25 05:22:16.181,,tenant-local-001
de27df62-66c4-47bc-9f24-b7d9d72e773b,9d840afe-589a-403b-b9db-15cbba4458cf,34e6a2c4-7d93-4ae4-86ee-fc4d212eb8c9,submitted,2026-03-25 01:46:46.736,2026-03-25 01:46:46.736,2026-03-25 01:46:52.121,31478e81-740a-4cfb-92cd-d26bfe007b50,sent,2026-03-25 01:46:40.379,,tenant-local-001
cabbb61b-5cd8-4a6a-bd65-d5d153d8b748,941495d3-a5fb-4a5c-b59f-1c75e59830cd,514b2891-dc4e-4497-bd5b-394538f15aec,sent,,,,a8e2bc17-59ae-45d4-a962-f5b27b2251de,sent,2026-03-25 06:57:39.196,,tenant-local-001
8dbb1f3d-e109-45d2-b15a-95a98e6e05ad,941495d3-a5fb-4a5c-b59f-1c75e59830cd,34e6a2c4-7d93-4ae4-86ee-fc4d212eb8c9,submitted,2026-03-25 06:57:51.256,2026-03-25 06:57:51.256,2026-03-25 06:58:02.056,eef86df4-9ac4-41a6-a208-1245aa048ee5,sent,2026-03-25 06:57:44.34,,tenant-local-001
5190881e-235d-40f0-8400-53f2b10e2eaa,941495d3-a5fb-4a5c-b59f-1c75e59830cd,b7b03441-96a4-42a8-90b5-e39a69b6412c,sent,,,,be8d3e2a-6a8d-4e9e-b55a-e84f1d57b341,sent,2026-03-25 06:57:33.668,,tenant-local-001
79b74730-ac4e-4e6d-91c2-34de71f0bc5a,c34ce939-759a-4437-a254-833c54fa17a3,b7b03441-96a4-42a8-90b5-e39a69b6412c,sent,,,,f5159aac-230f-4bf6-8ebb-78a6ec71d153,sent,2026-03-25 07:04:10.206,,tenant-local-001
5f0f7947-071c-42d1-8c08-3a81382be8dd,c34ce939-759a-4437-a254-833c54fa17a3,514b2891-dc4e-4497-bd5b-394538f15aec,sent,,,,9b0e5ad0-ca53-46ef-8aa8-e525fea3a08f,sent,2026-03-25 07:04:15.74,,tenant-local-001
995668d6-f1af-498d-99ec-a67213862a02,c34ce939-759a-4437-a254-833c54fa17a3,34e6a2c4-7d93-4ae4-86ee-fc4d212eb8c9,submitted,2026-03-25 07:04:26.497,2026-03-25 07:04:26.497,2026-03-25 07:04:32.635,5f9d4a81-9a37-4054-898a-a4f283a75a9a,sent,2026-03-25 07:04:20.407,,tenant-local-001
